{
  "risk_balance": 539.28502003,
  "available_balance": 539.28502003,
  "open_notional": 0.0
}